user_id,interaction_count
31787,63
33372,63
17339,63
18856,63
19572,63
31397,63
22424,63
19458,63
14564,63
10285,63
23798,63
5623,63
5029,63
18467,63
24031,63
2684,63
17169,63
15973,63
598,63
1648,63
23329,63
14737,63
12132,63
16948,63
16931,63
11884,63
15149,63
16498,63
21681,63
5436,63
21636,63
10054,63
11620,63
2974,63
12345,63
9214,63
27145,63
15127,63
17162,63
3833,63
22548,63
27423,63
2001,63
4153,63
30699,63
6491,63
24984,63
22506,63
20638,63
12967,63
27769,63
27744,63
2130,63
30778,63
14158,63
1232,63
9616,63
22717,63
33893,63
14184,63
25061,63
30446,63
1751,63
1207,63
26510,63
4290,63
8822,63
12830,63
12826,63
6793,63
25111,63
10761,63
10745,63
27976,63
3598,63
13242,63
21768,63
30133,63
24669,63
22362,63
3617,63
7259,63
17030,63
34411,63
9861,63
35556,63
17041,63
20827,63
1403,63
30611,63
3620,63
4008,63
10654,63
6593,63
16769,63
8668,63
23512,63
1307,63
21161,63
8739,63
13073,63
9588,63
10407,63
3425,63
31004,63
7120,63
15498,63
14257,63
23557,63
29910,63
14266,63
4519,63
21181,63
10355,63
12687,63
32640,63
27504,63
24259,63
12542,63
29126,63
32150,63
18679,63
29865,63
17627,63
22193,63
18835,63
17310,63
7456,63
9579,63
16208,63
17660,63
35444,63
9569,63
27642,63
12758,63
34055,63
32348,63
7137,63
33132,63
2332,63
6834,63
26022,64
33289,64
8396,64
31736,64
13872,64
21051,64
257,64
3760,64
23368,64
23527,64
26674,64
17503,64
12052,64
14275,64
21980,64
3420,64
4657,64
4659,64
14340,64
33245,64
13181,64
17230,64
12445,64
16729,64
512,64
4094,64
23588,64
8484,64
269,64
26035,64
17474,64
13748,64
16860,64
13911,64
3648,64
23548,64
4204,64
3352,64
17428,64
29371,64
16933,64
23708,64
13607,64
19848,64
16696,64
4845,64
17340,64
32847,64
21097,64
2948,64
8463,64
9016,64
4115,64
32420,64
33190,64
317,64
3091,64
3958,64
28952,64
18188,64
3311,64
26145,64
9220,64
14829,64
5583,64
18726,64
6278,64
27965,64
1392,64
27968,64
35096,64
7759,64
1841,64
16107,64
1804,64
6444,64
2842,64
14963,64
33691,64
1052,64
18573,64
16987,64
11751,64
6315,64
33802,64
19106,64
1234,64
24980,64
28620,64
17052,64
24503,64
6387,64
30657,64
1989,64
18638,64
27888,64
2580,64
18011,64
33752,64
31283,64
15652,64
11053,64
2289,64
1401,64
22392,64
34939,64
9426,64
7066,64
27550,64
28166,64
29651,64
10331,64
10086,64
29861,64
2436,64
2770,64
2389,64
5348,64
20988,64
34532,64
9189,64
15507,64
20615,64
6208,64
2298,64
27111,64
30913,64
28045,64
30393,64
6227,64
28077,64
826,64
16410,64
2537,64
7147,64
28523,65
8229,65
10864,65
20596,65
6277,65
6082,65
6383,65
12762,65
3427,65
19146,65
4351,65
4485,65
6351,65
19164,65
1152,65
3362,65
6165,65
25101,65
6293,65
33136,65
16658,65
23879,65
24933,65
1271,65
6789,65
1418,65
3997,65
10418,65
10414,65
13364,65
24701,65
7091,65
103,65
17836,65
8514,65
7071,65
13496,65
3879,65
10288,65
32869,65
1692,65
22777,65
13633,65
13669,65
13667,65
24105,65
1630,65
28011,65
16138,65
13945,65
4028,65
10821,65
4159,65
19092,65
32515,65
8740,65
27843,65
1979,65
20834,65
29053,65
34303,65
16233,65
24931,65
9833,65
24656,65
3572,65
1951,65
7272,65
8701,65
22738,65
1878,65
20691,65
9884,65
23632,65
4010,65
7508,65
25843,65
22145,65
27427,65
5633,65
18533,65
11527,65
23812,65
33909,65
912,65
33652,65
21049,65
23746,65
8977,65
23308,65
2739,65
31532,65
22016,65
33722,65
5154,65
20217,65
33851,65
32042,65
17611,65
877,65
27170,65
14638,65
19574,65
5226,65
29486,65
24343,65
23821,65
723,65
5273,65
31714,65
19394,65
20424,65
5261,65
8172,65
5670,65
18094,65
9169,65
9000,65
26681,65
14503,65
3065,65
28771,65
27452,65
2635,65
16563,65
8042,65
22852,66
311,66
23736,66
30663,66
19456,66
20697,66
9306,66
16117,66
13195,66
10569,66
9853,66
24660,66
10674,66
30599,66
25641,66
11754,66
14046,66
14576,66
15057,66
32537,66
23913,66
24200,66
285,66
12525,66
24676,66
10034,66
26197,66
28137,66
28246,66
23332,66
28152,66
1549,66
3840,66
19889,66
9084,66
24782,66
21829,66
28224,66
31617,66
3758,66
21117,66
31637,66
24737,66
3765,66
7891,66
1688,66
6750,66
12114,66
13433,66
1812,66
25590,66
5513,66
11838,66
6763,66
24859,66
10433,66
27136,66
24846,66
21106,66
26949,66
1448,66
1449,66
13858,66
17824,66
13842,66
10354,66
14914,66
12143,66
1519,66
7974,66
30485,66
11694,66
9424,66
17651,66
17426,66
511,66
16651,66
7605,66
20441,66
25125,66
35449,66
8345,66
11437,66
11440,66
25851,66
24062,66
28595,66
22285,66
29389,66
15657,66
12720,66
11569,66
4448,66
7576,66
23847,66
31085,66
4589,66
12535,66
7506,66
16235,66
12567,66
11277,66
6094,66
1112,66
2391,66
4496,66
33221,66
22544,66
6115,66
7480,66
3335,66
15514,66
10893,66
10143,66
11674,66
5736,66
8769,66
20023,66
13016,66
10811,66
4235,66
29007,66
18333,66
4185,66
15757,66
25915,66
23494,66
34277,66
7688,66
7306,66
11579,66
12335,66
4148,66
8802,66
3475,66
32479,66
9329,66
21911,66
21802,67
5380,67
30798,67
32880,67
19542,67
2462,67
5999,67
20622,67
21223,67
6114,67
4140,67
1574,67
21423,67
4552,67
18329,67
1130,67
2443,67
18400,67
5368,67
6099,67
3823,67
1972,67
32851,67
3740,67
22430,67
3895,67
30974,67
30383,67
1192,67
1922,67
5857,67
4342,67
5452,67
8120,67
30014,67
31541,67
2249,67
678,67
5814,67
31265,67
6380,67
5792,67
5540,67
34156,67
7384,67
2913,67
8073,67
3193,67
18466,67
30031,67
1727,67
33007,67
6216,67
421,67
4699,67
19445,67
31423,67
5731,67
22188,67
30438,67
18541,67
829,67
1465,67
3397,67
6862,67
5652,67
16882,67
24245,67
12570,67
9654,67
27477,67
11287,67
24770,67
9228,67
24347,67
16995,67
24661,67
28372,67
13228,67
10471,67
12336,67
9172,67
10592,67
8846,67
17493,67
27102,67
12895,67
16699,67
24446,67
24909,67
28532,67
26854,67
14779,67
26888,67
17996,67
27238,67
15857,67
23049,67
17740,67
24965,67
27631,67
15040,67
10432,67
27507,67
15788,67
27395,67
17932,67
9525,67
18130,67
23012,67
10850,67
23351,67
8962,67
23416,67
9043,67
23424,67
9937,67
24613,67
17605,67
12033,67
8612,67
25297,67
16616,67
11878,67
21416,68
11220,68
10572,68
7971,68
8920,68
16708,68
18187,68
9331,68
8747,68
11237,68
8957,68
8116,68
8195,68
435,68
21155,68
28517,68
26866,68
20302,68
32108,68
26001,68
10296,68
3070,68
20809,68
19259,68
13534,68
8115,68
2315,68
27319,68
24264,68
24670,68
29439,68
3592,68
5741,68
25020,68
32650,68
7910,68
18102,68
8275,68
6869,68
28722,68
28805,68
22159,68
2888,68
24729,68
2598,68
8000,68
9222,68
9231,68
22671,68
33747,68
31219,68
13332,68
1348,68
29017,68
2218,68
10050,68
19013,68
22608,68
35241,68
3831,68
28098,68
13214,68
14138,68
2631,68
18968,68
30503,68
27191,68
28278,68
22745,68
1227,68
32288,68
20086,68
11807,68
41,68
32294,68
3662,68
5476,68
1810,68
15868,68
30868,68
12309,68
2846,68
23145,68
1183,68
6338,68
7211,68
8609,68
34858,68
1723,68
4867,68
30088,68
4524,68
27990,68
1760,68
12341,68
2859,68
25664,68
3691,68
32031,68
4832,68
23864,68
12955,68
15986,68
10650,68
20769,68
6446,68
4789,68
20858,68
24904,68
6734,68
18825,68
34016,68
29968,68
3106,68
19928,68
4791,68
8969,69
26979,69
12078,69
32703,69
5244,69
15999,69
18451,69
20207,69
19372,69
11993,69
7961,69
25366,69
19319,69
5874,69
28890,69
35323,69
26252,69
10031,69
16924,69
7009,69
8109,69
8038,69
34480,69
27766,69
8036,69
32658,69
10131,69
1689,69
21971,69
16180,69
10072,69
18821,69
23948,69
17719,69
23656,69
7127,69
7468,69
24544,69
21285,69
23518,69
4111,69
6271,69
33665,69
24492,69
5110,69
1999,69
16450,69
3245,69
20360,69
10667,69
24760,69
21230,69
32516,69
11190,69
19269,69
14948,69
30948,69
8928,69
19236,69
4201,69
12963,69
33199,69
30347,69
20374,69
32469,69
23447,69
20351,69
5221,69
11253,69
23241,69
30115,69
17502,69
30108,69
9832,69
30402,69
14193,69
28359,69
26331,69
4344,69
9527,69
19656,69
9755,69
16550,69
17186,69
10173,69
1082,69
14414,69
2896,69
34242,69
27689,69
21366,69
24520,69
17228,69
16511,69
6636,69
21365,69
14580,69
20626,69
30360,69
3094,69
6809,69
20810,69
19638,69
15598,69
15619,69
12457,69
24721,69
20519,69
2256,69
14681,69
6778,69
19509,69
11765,69
5572,69
5482,69
11899,69
26091,69
8775,69
3007,69
1454,69
16706,69
21094,69
2983,69
11966,69
17281,69
11709,69
2453,69
23333,69
33057,70
3020,70
24067,70
22065,70
20595,70
7390,70
19784,70
10461,70
647,70
3170,70
27684,70
16692,70
16897,70
1636,70
11344,70
5728,70
3039,70
987,70
2623,70
2092,70
90,70
34221,70
18104,70
3195,70
3209,70
8647,70
7936,70
5966,70
19816,70
4686,70
11376,70
4039,70
6685,70
24502,70
9187,70
19212,70
29641,70
423,70
21015,70
29914,70
7708,70
20806,70
18696,70
30983,70
20010,70
15796,70
32049,70
14272,70
13132,70
34565,70
27520,70
798,70
2682,70
31406,70
19040,70
20061,70
24077,70
5085,70
14700,70
7544,70
22196,70
12208,70
9526,70
960,70
9224,70
12418,70
27453,70
1886,70
31474,70
1504,70
9251,70
2883,70
886,70
32224,70
696,70
21893,70
22596,70
2348,70
34730,70
9298,70
19766,70
8326,70
16486,70
4564,70
16993,70
20419,70
4325,70
30178,70
2219,70
7230,70
18808,70
67,70
15154,70
19155,70
24827,70
6376,70
34596,70
32336,70
23471,70
8022,70
3036,70
3583,70
17576,70
19989,70
20333,70
7057,70
28253,70
25245,70
18428,70
3,70
13750,70
2424,70
2845,70
17701,70
27026,70
22462,70
17725,70
4662,70
4434,70
12379,70
31490,70
13080,70
13306,70
28809,70
12472,70
14877,70
5523,70
33641,70
9797,70
27376,70
4855,71
14988,71
14277,71
24257,71
20642,71
13749,71
33591,71
1229,71
8761,71
7485,71
6467,71
10725,71
5129,71
27481,71
570,71
20101,71
32175,71
13207,71
8199,71
1600,71
9271,71
896,71
22416,71
5684,71
4568,71
13952,71
10376,71
17659,71
28060,71
22151,71
32085,71
25106,71
3435,71
32476,71
7763,71
6071,71
770,71
29859,71
2967,71
11166,71
15822,71
33396,71
13468,71
32855,71
8166,71
17633,71
23506,71
15901,71
8733,71
11689,71
7611,71
33013,71
7552,71
8939,71
17639,71
6632,71
27566,71
15781,71
1620,71
7048,71
16399,71
27254,71
11553,71
32183,71
2697,71
10568,71
6163,71
33703,71
11138,71
441,71
2756,71
1927,71
29775,71
908,71
3286,71
3466,71
10182,71
22304,71
23358,71
306,71
30051,71
14391,71
9218,71
20083,71
30305,71
23309,71
32763,71
31702,71
27003,71
4869,71
6680,71
136,71
2740,71
2787,71
7396,71
14196,71
15741,71
13564,71
8829,71
21979,71
7011,71
10910,71
8287,71
17237,71
31350,71
4501,71
5005,71
33421,71
10581,71
15753,71
15324,71
10474,71
16866,71
5988,71
1782,71
4390,71
12330,71
8643,71
19231,71
6804,71
2640,71
9843,71
15994,71
3647,71
5812,71
13074,72
10736,72
16154,72
31039,72
1767,72
18801,72
1024,72
16737,72
23414,72
27679,72
10816,72
1038,72
3217,72
24414,72
24841,72
12385,72
33587,72
9444,72
16422,72
9425,72
22507,72
23407,72
4364,72
4644,72
13654,72
33217,72
4389,72
8422,72
22465,72
18714,72
3714,72
17979,72
31504,72
24525,72
3783,72
5422,72
14784,72
30852,72
3646,72
4444,72
23968,72
18266,72
2503,72
23046,72
30785,72
3644,72
27216,72
7026,72
5611,72
16873,72
27698,72
1910,72
18744,72
6225,72
9595,72
24780,72
7377,72
30321,72
18246,72
25009,72
29558,72
7755,72
17776,72
8082,72
32051,72
11582,72
6622,72
9012,72
4085,72
19292,72
347,72
3387,72
26982,72
13303,72
9105,72
23280,72
16036,72
492,72
28796,72
551,72
18992,72
30455,72
12454,72
383,72
381,72
5832,72
32733,72
13094,72
22578,72
3839,72
23629,72
33026,72
32975,72
15065,72
28074,72
29334,72
25011,72
24993,72
11956,72
7631,72
2077,72
28115,72
23745,72
24048,72
18013,72
20600,72
28053,72
11931,72
10597,72
13325,72
16653,72
29574,72
17550,72
20321,73
30093,73
10563,73
17372,73
16111,73
2942,73
4307,73
32853,73
646,73
23047,73
14652,73
25390,73
4539,73
7379,73
8281,73
11957,73
19191,73
23874,73
1005,73
24893,73
20510,73
10995,73
33782,73
15078,73
21201,73
789,73
10377,73
4610,73
11814,73
31226,73
4150,73
13320,73
12721,73
24583,73
8605,73
25074,73
25250,73
28912,73
21302,73
27771,73
8184,73
26779,73
1685,73
27115,73
27788,73
28227,73
19988,73
12620,73
4724,73
23951,73
27334,73
12644,73
8136,73
5781,73
22366,73
21175,73
3934,73
14876,73
18949,73
1168,73
13546,73
19471,73
30113,73
5752,73
17336,73
31232,73
11316,73
30668,73
1571,73
8615,73
17934,73
19000,73
5257,73
19123,73
32322,73
30151,73
26679,73
24778,73
1158,73
23551,73
10861,73
15172,73
30170,73
12722,73
3529,73
17233,73
30849,73
925,73
27234,73
11134,73
27516,73
9586,73
25593,73
14204,73
29778,73
283,73
6706,73
25835,73
23792,73
30959,73
10539,73
849,73
34720,73
2694,73
11137,73
13035,73
24454,73
11109,73
19250,73
34306,73
9244,73
300,73
7762,73
9428,73
740,73
4073,73
10632,73
12960,73
25395,73
11204,73
16773,73
6796,73
2634,73
23123,73
27218,73
10343,73
12293,73
4888,74
6546,74
20829,74
20960,74
7277,74
4586,74
15301,74
3630,74
19843,74
17108,74
9315,74
3532,74
1423,74
30787,74
17357,74
20892,74
24391,74
9880,74
23767,74
30802,74
2418,74
31087,74
12527,74
12986,74
1870,74
29445,74
6403,74
33149,74
22920,74
773,74
777,74
32274,74
19044,74
7102,74
13758,74
8592,74
5325,74
6501,74
3923,74
14049,74
13463,74
5779,74
22044,74
14817,74
8168,74
20977,74
21974,74
28056,74
27320,74
18680,74
16707,74
28134,74
9944,74
6102,74
28145,74
19581,74
23459,74
30754,74
8203,74
1265,74
12243,74
31310,74
8959,74
24597,74
7656,74
17048,74
7035,74
19861,74
2790,74
17378,74
22842,74
23532,74
21260,74
8875,74
24997,74
1370,74
127,74
4917,74
33240,74
31612,74
18067,74
574,74
15861,74
24082,74
7372,74
24462,74
13213,74
21274,74
2969,74
10261,74
32630,74
5725,74
21000,74
25167,74
29081,74
4936,74
1298,74
4542,74
23865,74
12833,74
4293,74
29122,74
30084,74
33977,74
7404,74
12291,74
24478,74
32119,74
8683,74
12495,74
4332,74
34115,74
31118,74
33678,74
31303,75
3326,75
1002,75
6642,75
27546,75
13706,75
24420,75
23784,75
29177,75
21744,75
5413,75
8537,75
4858,75
12433,75
15953,75
17462,75
25663,75
10498,75
2564,75
29667,75
21554,75
24647,75
5705,75
2366,75
10826,75
12299,75
8132,75
23326,75
6476,75
14944,75
3932,75
8555,75
4463,75
27124,75
14250,75
11692,75
3271,75
320,75
20924,75
24705,75
14197,75
13055,75
3558,75
3707,75
4856,75
21343,75
32631,75
9519,75
8898,75
19237,75
4587,75
32241,75
18806,75
26818,75
26910,75
13330,75
6378,75
22721,75
8700,75
22739,75
28793,75
5030,75
27652,75
27991,75
23922,75
3159,75
22400,75
2408,75
8013,75
13180,75
4716,75
25793,75
25258,75
33304,75
9731,75
23971,75
20711,75
25201,75
3526,75
18212,75
24868,75
18601,75
3084,75
23989,75
5341,75
16859,75
28305,75
13378,75
16980,75
29005,75
5225,75
24070,75
20094,75
16452,75
54,75
18489,75
4922,75
34620,75
30769,75
5542,75
23715,75
12434,75
8779,75
8645,75
33059,75
1376,76
4736,76
10175,76
30472,76
14683,76
30493,76
23754,76
1331,76
2890,76
33392,76
10297,76
24658,76
10484,76
24645,76
16093,76
10144,76
5055,76
11292,76
3570,76
13472,76
18010,76
6110,76
9399,76
34113,76
20513,76
3321,76
2243,76
327,76
9486,76
5032,76
1906,76
1905,76
7455,76
6196,76
31378,76
1898,76
16374,76
17976,76
14304,76
15107,76
11105,76
3264,76
16328,76
30925,76
15296,76
15035,76
6251,76
16643,76
24252,76
5888,76
23803,76
28783,76
21191,76
12135,76
9011,76
5256,76
8994,76
12173,76
13362,76
27008,76
12180,76
2052,76
18576,76
10062,76
15054,76
20022,76
2199,76
9287,76
706,76
24994,76
2016,76
4103,76
27029,76
14221,76
2006,76
26909,76
33731,76
8383,76
15584,76
6269,76
18802,76
25190,76
24127,76
32794,76
27164,76
15429,76
9931,76
30196,76
20871,76
14837,76
3768,76
25255,76
13761,76
28282,76
24600,76
34808,76
7100,76
19103,76
15981,76
1231,76
25247,76
4492,76
7176,76
26549,76
3137,76
17248,76
34432,76
5606,76
12311,76
16283,76
23701,76
1064,76
30841,76
16975,76
5406,76
27639,76
1769,76
530,77
2920,77
234,77
15398,77
27255,77
567,77
23110,77
15367,77
22771,77
16594,77
21795,77
25033,77
3796,77
14114,77
33934,77
8719,77
6842,77
25230,77
31603,77
26,77
16799,77
23970,77
21148,77
25100,77
5746,77
26113,77
25296,77
8909,77
3847,77
26040,77
2365,77
17098,77
33431,77
29242,77
28997,77
15289,77
11879,77
17569,77
20486,77
23583,77
17367,77
8111,77
4618,77
28,77
14620,77
1244,77
22649,77
22563,77
7005,77
6136,77
27781,77
1714,77
4172,77
33191,77
17983,77
21252,77
24822,77
34459,77
29930,77
3105,77
14477,77
23219,77
9873,77
17251,77
19668,77
7400,77
6368,77
6245,77
11047,77
17408,77
6287,77
6573,77
23144,77
24319,77
15807,77
808,77
1259,77
4030,77
7886,77
14496,77
14606,77
5205,77
17278,77
10027,77
4042,77
9183,77
23118,77
12218,77
23535,77
23534,77
24035,77
700,77
7675,77
5107,77
6062,77
4825,77
15755,77
2654,77
6343,77
7773,77
22612,77
18063,77
1741,78
10849,78
4883,78
23944,78
30766,78
4812,78
22307,78
2848,78
17012,78
23162,78
10798,78
6511,78
10553,78
10969,78
34204,78
5868,78
5905,78
5848,78
17608,78
5134,78
23233,78
5770,78
23342,78
11143,78
19517,78
26872,78
26867,78
27064,78
15281,78
17599,78
5369,78
11110,78
23291,78
2713,78
26836,78
27093,78
24716,78
24896,78
2325,78
2485,78
26076,78
11860,78
7256,78
16664,78
29127,78
30114,78
7028,78
7013,78
32850,78
16385,78
23466,78
32840,78
22912,78
21239,78
1285,78
1377,78
21242,78
13619,78
9770,78
3773,78
3645,78
8436,78
29913,78
17383,78
10362,78
734,78
864,78
4178,78
7503,78
20040,78
22561,78
644,78
8093,78
9195,78
16088,78
12905,78
3727,78
9104,78
7624,78
7981,78
24201,78
16327,78
20232,78
13742,78
34746,78
12888,78
22574,78
28013,78
30273,78
18954,78
3372,78
21096,78
949,78
28017,78
20848,78
29966,78
3998,78
3472,78
34092,79
2226,79
23727,79
13554,79
6595,79
30135,79
3593,79
6117,79
744,79
8843,79
17852,79
21168,79
28443,79
7078,79
23020,79
15096,79
3509,79
5215,79
28795,79
26985,79
34805,79
9993,79
30280,79
9988,79
23249,79
19116,79
8972,79
7819,79
31140,79
5319,79
20757,79
5330,79
18077,79
24631,79
30370,79
16209,79
18417,79
16123,79
12204,79
21740,79
11505,79
2659,79
8776,79
4956,79
13792,79
30046,79
28545,79
24664,79
5017,79
30582,79
14633,79
12275,79
23404,79
16397,79
3164,79
24672,79
24447,79
8457,79
6695,79
3689,79
4619,79
12429,79
30401,79
17297,79
23739,79
18223,79
13955,79
12928,79
27265,79
14936,79
25628,79
5062,79
20268,79
1856,79
272,79
3200,79
1357,79
34963,79
22113,79
7362,79
9589,79
4757,79
26853,79
18086,80
33314,80
9671,80
16554,80
27649,80
5923,80
24512,80
942,80
11384,80
14156,80
24485,80
20087,80
1839,80
1845,80
30732,80
5010,80
25001,80
23418,80
9117,80
783,80
26560,80
25437,80
11218,80
25440,80
1948,80
10886,80
10884,80
9340,80
25834,80
4116,80
12995,80
5120,80
23172,80
7233,80
1085,80
30827,80
20687,80
33754,80
19242,80
1964,80
12192,80
27669,80
4931,80
4068,80
3203,80
7832,80
6481,80
21923,80
20744,80
5335,80
8923,80
34117,80
4778,80
6943,80
15631,80
25976,80
12543,80
22716,80
5706,80
13944,80
263,80
31587,80
23114,80
2499,80
13639,80
12523,80
23305,80
25260,80
30552,80
11824,80
74,80
28014,80
5491,80
2973,80
4658,80
18291,80
18293,80
11854,80
13465,80
25091,80
4765,80
7983,80
15142,80
11451,80
9115,80
24293,80
31217,80
11485,80
11444,80
10779,80
3160,81
11914,81
3816,81
27554,81
11836,81
28096,81
3095,81
17496,81
18985,81
28351,81
15025,81
23361,81
13572,81
11010,81
933,81
16700,81
5043,81
17021,81
13782,81
25733,81
32856,81
14401,81
7908,81
6692,81
8698,81
1075,81
27574,81
11909,81
4634,81
1919,81
14951,81
3289,81
9728,81
3674,81
20815,81
1091,81
12695,81
24435,81
12643,81
5820,81
1992,81
16679,81
17931,81
14023,81
577,81
1463,81
2576,81
5775,81
32725,81
13501,81
16509,81
11548,81
2793,81
14351,81
7177,81
4416,81
5318,81
27133,81
4978,81
24006,81
21982,81
5557,81
6584,81
13374,81
22577,81
16433,81
21767,81
17447,81
33318,81
25099,81
8884,81
8530,81
33680,81
10878,81
4379,81
10526,81
29769,81
23273,81
8610,81
32543,81
1154,81
22783,82
22755,82
21791,82
26848,82
19462,82
26849,82
13299,82
7412,82
28486,82
6218,82
5884,82
17054,82
29626,82
25332,82
906,82
16669,82
9347,82
768,82
29424,82
3587,82
20570,82
19521,82
11976,82
28964,82
2541,82
20547,82
18610,82
7823,82
15059,82
7797,82
15063,82
24352,82
11312,82
14218,82
5272,82
21769,82
8050,82
13282,82
20929,82
6193,82
3650,82
15510,82
8424,82
8704,82
2698,82
20958,82
11136,82
34190,82
8400,82
5398,82
5625,82
14113,82
24428,82
2520,82
2082,82
17548,82
23862,82
5877,82
25583,82
3096,82
15875,82
30407,82
20859,82
7213,82
3075,82
3071,82
24710,82
33335,82
1407,82
26793,82
20903,82
14845,82
14427,82
26663,82
24807,82
1513,82
24839,82
1332,82
25707,82
24611,82
21312,82
27725,82
23942,82
24773,82
25656,82
10232,82
10611,82
23437,82
10612,82
24735,82
4870,82
12810,82
30830,82
9642,82
4553,82
23779,82
14792,82
12557,82
16048,82
17914,83
1585,83
16018,83
33089,83
22190,83
28274,83
33301,83
603,83
4714,83
34683,83
9837,83
24837,83
21540,83
10901,83
25417,83
33741,83
27499,83
9337,83
19567,83
34703,83
25265,83
9341,83
32559,83
25854,83
24673,83
3799,83
3803,83
14212,83
7604,83
3395,83
8471,83
25431,83
5391,83
9961,83
34473,83
6882,83
20446,83
19644,83
16398,83
23644,83
6722,83
21397,83
19511,83
2259,83
2844,83
1323,83
2944,83
24620,83
68,83
12065,83
5815,83
3861,83
8242,83
14786,83
34148,83
17,83
23148,83
12931,83
31895,83
22970,83
450,83
14932,83
8208,83
18420,83
1246,83
22974,83
10872,83
14958,83
23660,83
8307,83
1852,83
10032,83
888,83
4489,83
9068,83
19695,83
10819,83
7876,84
3547,84
28090,84
2180,84
8403,84
16137,84
6399,84
7925,84
14094,84
33353,84
23301,84
7097,84
23876,84
24323,84
18202,84
28751,84
25170,84
12378,84
17457,84
6020,84
3124,84
14797,84
5854,84
16552,84
28708,84
19657,84
10838,84
15153,84
25135,84
12710,84
30366,84
34045,84
3531,84
16716,84
10782,84
25042,84
15698,84
30389,84
6409,84
14143,84
1677,84
22204,84
18175,84
27476,84
2285,84
2501,84
25794,84
14235,84
33317,84
3267,84
17196,84
4621,84
1426,84
3290,84
11829,84
9417,84
17631,84
23401,84
22028,84
19267,84
18707,84
5533,84
22987,84
4182,84
12806,84
16831,84
7278,84
77,84
9345,84
25482,84
14231,84
1869,84
2,84
13109,84
15998,85
1233,85
2476,85
3555,85
3079,85
25585,85
23734,85
14822,85
21716,85
28748,85
24858,85
8314,85
21804,85
3508,85
26644,85
5035,85
6993,85
30089,85
31555,85
26753,85
15071,85
23668,85
25237,85
17913,85
6318,85
5439,85
18741,85
23276,85
21263,85
6531,85
21794,85
4954,85
28878,85
14916,85
26703,85
18205,85
10095,85
22382,85
29227,85
271,85
24617,85
909,85
14531,85
21370,85
5320,85
22252,85
18159,85
22369,85
14362,85
4982,85
31563,85
3333,85
15051,85
117,85
23581,85
15921,85
9910,85
33434,85
15773,85
30436,85
14473,85
18635,85
664,85
3032,85
24824,85
23325,85
9393,85
3030,85
27214,85
16473,85
21420,85
30120,85
26791,85
822,85
20395,85
25278,85
8694,85
18251,85
11893,85
22601,85
24968,85
9600,86
13155,86
30929,86
24589,86
12946,86
17088,86
14807,86
23728,86
7718,86
23549,86
23753,86
14313,86
32681,86
5305,86
29178,86
6578,86
388,86
23042,86
17872,86
20403,86
1,86
29785,86
31086,86
27627,86
2572,86
2544,86
20356,86
1142,86
12215,86
6274,86
8125,86
5126,86
28002,86
8599,86
2227,86
30328,86
13328,86
25013,86
16010,86
24362,86
21041,86
35086,86
5082,86
3484,86
15734,86
10429,86
22750,86
3828,86
12183,86
22394,86
18774,86
15457,86
3337,86
4481,86
14494,86
1076,86
20143,86
6461,86
3810,86
23985,86
21245,86
2902,86
12376,86
1208,86
1793,86
20901,86
24195,86
15482,86
28281,86
7999,86
30695,86
14396,86
31863,86
549,86
20894,86
18091,86
3804,86
10610,86
20466,86
14262,86
17591,86
13583,86
1719,86
23685,86
23614,86
8648,87
3049,87
30646,87
23579,87
79,87
32160,87
4585,87
14654,87
6867,87
23124,87
10615,87
11964,87
18370,87
23841,87
4590,87
4612,87
10636,87
11715,87
19637,87
18277,87
6823,87
297,87
24643,87
23314,87
5607,87
11805,87
15543,87
27198,87
26624,87
4247,87
13350,87
15712,87
802,87
5835,87
792,87
17617,87
3441,87
27824,87
9431,87
2744,87
34447,87
13090,87
28817,87
4171,87
7668,87
18041,87
9089,87
29605,87
19667,87
6480,87
17031,87
33793,87
4380,87
9176,87
7231,87
23462,87
28704,87
33764,87
34278,87
7039,87
22325,87
11470,87
2753,87
16988,87
14281,87
21280,87
5023,87
17084,87
35091,87
35095,87
980,87
14404,87
22969,87
9245,87
24541,87
33371,87
29727,88
6295,88
25268,88
11261,88
18623,88
26696,88
35225,88
6404,88
6232,88
4165,88
22260,88
3802,88
25765,88
4292,88
21533,88
15303,88
26923,88
209,88
9724,88
17241,88
7491,88
4711,88
15467,88
8681,88
3017,88
20458,88
3391,88
17686,88
19284,88
29880,88
3642,88
22490,88
5040,88
11849,88
1151,88
7539,88
11141,88
23699,88
33742,88
19692,88
3214,88
25371,88
2188,88
8956,88
8318,88
2270,88
12387,88
4500,88
10781,88
22075,88
4011,88
1329,88
11037,88
9024,88
5713,88
13618,88
21163,88
28978,88
5839,88
15683,88
11064,88
14007,88
23899,88
20774,88
12546,88
13426,88
3619,88
16013,88
23801,88
11568,88
21443,88
15975,88
9968,88
12150,88
5972,88
23015,88
3110,88
31473,89
24694,89
33653,89
8500,89
1822,89
1264,89
23411,89
20846,89
4776,89
8907,89
17400,89
2205,89
1813,89
6589,89
24108,89
29133,89
19872,89
5732,89
3169,89
17873,89
6324,89
5350,89
33697,89
13440,89
3915,89
34541,89
18216,89
5310,89
32595,89
23028,89
25158,89
14684,89
23458,89
21690,89
10579,89
13168,89
21482,89
4027,89
25280,89
23297,89
32886,89
16023,89
5964,89
25272,89
21436,89
4084,89
21,89
29534,89
31431,89
6061,89
16418,89
6372,89
806,89
24071,89
7594,89
1965,89
14470,89
288,89
27727,89
25347,89
14772,89
5112,89
16219,89
198,89
6690,89
15316,89
23863,89
23500,90
23649,90
2955,90
13416,90
5314,90
5287,90
2582,90
23575,90
26964,90
2816,90
19997,90
15050,90
14214,90
26004,90
20303,90
32518,90
4164,90
19490,90
33285,90
32575,90
25853,90
29180,90
10287,90
23304,90
24806,90
34404,90
25005,90
733,90
437,90
11303,90
5995,90
15551,90
392,90
1577,90
11282,90
5645,90
31396,90
24686,90
11213,90
5733,90
10038,90
28967,90
7135,90
28983,90
8362,90
24752,90
21502,90
31366,90
7007,90
10494,90
9299,90
2394,90
22320,90
22186,90
30116,90
30523,90
6526,90
10820,90
23925,90
22895,90
34947,90
585,90
8531,90
30346,90
11395,90
1311,90
8509,90
9633,90
27594,90
9698,90
6419,91
23958,91
1653,91
14170,91
18532,91
27278,91
22156,91
2662,91
24040,91
21232,91
2839,91
5762,91
11417,91
4842,91
15641,91
6912,91
17624,91
5794,91
30307,91
8976,91
7758,91
21218,91
23372,91
15720,91
548,91
25007,91
10346,91
12524,91
17387,91
10356,91
6434,91
4786,91
5805,91
25116,91
30445,91
2392,91
33647,91
18795,91
14476,91
12480,91
1911,91
14667,91
12935,91
15489,91
9890,91
5511,91
11177,91
13662,91
4230,91
26855,91
4366,91
8458,91
23586,91
6766,91
12740,91
8624,91
7131,91
4703,91
17085,91
22049,91
17180,91
9971,91
7174,91
8603,91
19908,91
1524,91
1825,91
12226,91
3733,91
8708,91
8613,91
31564,91
18952,91
16525,92
17646,92
10825,92
4078,92
28562,92
12782,92
4276,92
19543,92
27603,92
7349,92
18873,92
10800,92
1854,92
611,92
17944,92
7810,92
1851,92
2689,92
25752,92
30228,92
23510,92
14707,92
14843,92
29809,92
23945,92
23987,92
24996,92
21689,92
10940,92
1258,92
4122,92
27470,92
23678,92
27464,92
32250,92
22953,92
1269,92
9312,92
3415,92
16132,92
29988,92
7260,92
21658,92
24920,92
3440,92
21378,92
4983,92
7937,92
1672,92
4811,92
454,92
8718,92
14717,92
28841,92
23757,92
17563,92
11886,92
20544,92
33521,92
19838,92
26733,92
1639,92
4794,92
20779,92
23098,92
10657,92
27365,92
30419,92
30527,92
11681,92
30364,92
31616,92
5818,92
7903,92
32634,92
8512,92
22070,92
1783,93
11736,93
12240,93
32071,93
22138,93
1161,93
3621,93
32257,93
33144,93
6621,93
19558,93
23584,93
24443,93
23412,93
12705,93
6790,93
11455,93
17579,93
1116,93
11057,93
1531,93
23215,93
29219,93
31511,93
6215,93
14419,93
30034,93
2421,93
30961,93
19964,93
22276,93
4279,93
17306,93
32418,93
2980,93
14355,93
368,93
1934,93
20085,93
1944,93
15490,93
1799,93
24551,93
2879,93
11198,93
10383,93
11537,93
13413,93
5784,93
5786,93
23675,93
12172,93
24652,93
8896,93
23554,93
5938,93
2081,93
23553,93
499,93
503,93
5218,93
15752,93
10235,93
588,93
4582,93
25653,93
26994,93
27380,93
13267,93
13128,93
23831,93
20536,93
3578,93
29781,93
1903,94
23832,94
25446,94
22844,94
3078,94
30367,94
26913,94
28682,94
5418,94
8735,94
5551,94
27104,94
24490,94
15778,94
24507,94
22655,94
8924,94
7271,94
395,94
4133,94
7341,94
24901,94
2464,94
16285,94
5039,94
33267,94
23366,94
26099,94
2827,94
15684,94
1557,94
17035,94
12044,94
24761,94
483,94
7077,94
5989,94
17793,94
23293,94
7541,94
29354,94
27870,94
14740,94
7397,94
9457,94
2810,94
14827,94
8440,94
287,94
719,94
312,94
8449,94
9282,94
699,94
17344,94
11526,94
13479,94
33721,94
31700,94
23755,95
20110,95
1110,95
23157,95
4340,95
20163,95
1631,95
20335,95
10305,95
2926,95
10026,95
23455,95
12777,95
24736,95
10945,95
10556,95
9912,95
6412,95
3082,95
16162,95
24869,95
30627,95
4669,95
2878,95
10656,95
1544,95
26330,95
8870,95
4208,95
7771,95
27538,95
34002,95
20475,95
23247,95
9550,95
8428,95
35068,95
26373,95
3850,95
7447,95
29792,95
11698,95
3388,95
9359,95
15571,95
6087,95
12028,95
23835,95
23388,95
2229,95
4212,95
14247,95
2156,95
24261,95
1034,95
8121,95
6183,95
18436,95
5824,95
8938,95
11983,95
389,95
8061,95
31318,95
6240,95
8874,95
26261,95
3946,95
474,96
14245,96
18498,96
6023,96
4624,96
1300,96
30294,96
14582,96
9237,96
5963,96
9307,96
16565,96
7839,96
16944,96
7616,96
13212,96
18870,96
13122,96
28099,96
9462,96
13573,96
30507,96
10631,96
15824,96
17938,96
6144,96
11880,96
6742,96
88,96
15881,96
984,96
5484,96
1025,96
43,96
9673,96
14713,96
23744,96
8596,96
3161,96
21927,96
21983,96
2445,96
1210,96
30796,96
19163,96
13616,96
33886,96
17483,96
13641,96
22937,96
29297,96
1603,97
33839,97
17119,97
31531,97
13629,97
11875,97
1396,97
4660,97
11539,97
16002,97
23084,97
3665,97
24688,97
16785,97
108,97
13665,97
30442,97
5563,97
28961,97
24712,97
3652,97
19681,97
4458,97
7591,97
6064,97
12677,97
5289,97
24430,97
7532,97
6359,97
18685,97
19698,97
23600,97
24937,97
9893,97
4919,97
32460,97
22029,97
32329,97
12241,97
16361,97
3269,97
20917,97
1800,97
24918,97
1020,97
24510,97
19676,97
20899,97
1072,97
23022,97
27750,97
21422,97
17077,97
613,97
21747,97
5841,97
28127,97
11488,97
7822,97
16250,97
5875,97
5870,97
14824,97
4074,97
7782,97
10154,97
711,97
22896,97
9002,98
10314,98
597,98
12550,98
17449,98
13292,98
24546,98
8618,98
23486,98
12917,98
9414,98
22751,98
21318,98
32546,98
16480,98
12516,98
3870,98
33003,98
22545,98
17446,98
21257,98
9915,98
1459,98
428,98
17861,98
16213,98
8460,98
29772,98
22407,98
24080,98
23541,98
4583,98
2297,98
15923,98
2080,98
11868,98
2005,98
33744,98
2557,98
33503,98
17058,98
21431,98
22135,98
19239,98
25259,98
15046,98
5083,98
34083,98
27205,98
2534,98
11750,98
10344,99
7764,99
6083,99
12447,99
7555,99
23684,99
7713,99
22389,99
32799,99
27495,99
10268,99
7788,99
20758,99
25032,99
4848,99
16534,99
3300,99
22886,99
27478,99
13225,99
5885,99
16120,99
305,99
11932,99
16206,99
3186,99
25156,99
7253,99
17024,99
34043,99
6186,99
21952,99
466,99
21758,99
15839,99
24889,99
15555,99
2767,99
30202,99
9609,99
7332,99
23717,99
24481,99
5537,99
24474,99
27643,99
11159,99
18043,100
5474,100
8655,100
22902,100
10304,100
27455,100
13727,100
4207,100
9322,100
34888,100
30349,100
29780,100
11095,100
15428,100
12371,100
23014,100
20868,100
13834,100
4484,100
4569,100
27161,100
20352,100
17567,100
8219,100
22683,100
30441,100
18974,100
14776,100
2930,100
6758,100
10570,100
30522,100
482,100
25087,100
20511,100
3479,100
7998,100
9166,100
8293,100
28019,100
12425,100
33462,100
3442,100
24251,100
5764,100
16006,100
9,100
22191,100
8689,101
33631,101
1074,101
10546,101
1553,101
8582,101
2674,101
19217,101
6255,101
1581,101
23121,101
17666,101
14398,101
11155,101
7356,101
27701,101
23563,101
4428,101
20284,101
22741,101
18998,101
11101,101
23188,101
5297,101
24248,101
4294,101
27590,101
25575,101
4988,101
16898,101
21255,101
552,101
25029,101
10133,101
618,101
4846,101
4836,101
4527,101
5444,101
16516,101
6508,101
1686,101
24803,101
3383,101
13603,101
8369,101
26941,101
23167,101
20768,101
11374,101
639,102
13189,102
8560,102
759,102
34128,102
18054,102
18543,102
20535,102
23406,102
18200,102
2710,102
30942,102
18271,102
16216,102
23244,102
34602,102
6517,102
4684,102
4314,102
8167,102
22474,102
16258,102
12453,102
8885,102
15302,102
9522,102
6899,102
24310,102
24136,102
32644,102
1733,102
19290,102
24926,102
6447,102
9481,102
6401,102
18842,102
793,102
22355,102
2401,102
33526,102
809,102
9452,102
26647,102
8402,102
12792,103
2731,103
5937,103
12177,103
11348,103
4174,103
13139,103
11491,103
24422,103
2317,103
14130,103
26483,103
6022,103
24547,103
22916,103
6007,103
28860,103
23626,103
11718,103
8062,103
15082,103
5899,103
5901,103
7441,103
21452,103
13889,103
8016,103
30995,103
3220,103
10911,103
1293,103
30554,103
30864,103
2871,103
24709,103
4362,103
33950,103
6818,103
23209,103
20817,103
2840,103
21471,104
2551,104
32314,104
23431,104
7422,104
2552,104
23380,104
2762,104
8376,104
27416,104
7243,104
3976,104
11238,104
2132,104
22312,104
17038,104
24487,104
32883,104
19288,104
9167,104
27774,104
18191,104
24157,104
8394,104
226,104
19689,104
3467,104
23195,104
16938,104
15917,104
679,104
24894,104
14039,104
1107,104
20316,104
13880,104
33914,104
11642,104
8176,104
33951,104
12247,104
7330,104
22001,104
30124,104
27650,104
19550,104
23478,104
22227,104
9201,104
34895,104
5157,104
22422,104
11682,104
22645,105
12992,105
18831,105
11178,105
5064,105
16582,105
5283,105
10198,105
2313,105
10365,105
16996,105
2862,105
12528,105
6826,105
19310,105
13774,105
31213,105
1729,105
623,105
23256,105
1701,105
7595,105
1717,105
23627,105
14516,105
1245,105
7061,105
31545,105
4223,105
9547,105
24258,105
21123,105
27021,105
23186,105
15206,105
21824,105
21710,105
975,105
32744,105
25308,105
8989,105
17284,105
12446,105
18804,105
16189,105
14407,105
25327,105
4972,105
420,105
22440,106
8666,106
21686,106
28006,106
23774,106
7373,106
5666,106
1262,106
7321,106
4394,106
3028,106
1715,106
26833,106
12840,106
28415,106
25865,106
5139,106
11108,106
28408,106
4160,106
4800,106
16997,106
6909,106
17626,106
13582,106
25019,106
4058,106
2854,106
20058,106
604,106
405,106
14648,106
6656,106
7110,106
6140,106
1405,106
22958,106
10887,106
30479,106
23720,106
3313,106
2000,106
14282,106
14152,106
1441,106
16164,106
2584,106
12250,106
5034,106
497,106
964,106
7488,106
13915,106
11179,106
4596,107
4414,107
27312,107
23179,107
6830,107
7331,107
29559,107
4770,107
4938,107
73,107
14335,107
7702,107
8631,107
22813,107
8010,107
1938,107
15260,107
29204,107
19584,107
23721,107
3351,107
24129,107
23087,107
24740,107
8057,107
916,107
19860,107
205,107
7976,107
11111,107
531,107
3624,107
20056,107
2818,107
30157,107
3054,107
9516,107
1044,107
12411,107
26952,107
29548,108
2215,108
4713,108
20428,108
8797,108
49,108
28062,108
27970,108
10402,108
46,108
8804,108
32164,108
23536,108
34688,108
13580,108
13400,108
8278,108
5799,108
4349,108
6095,108
31012,108
13663,108
6078,108
10145,108
24534,108
24024,108
1095,108
23159,108
8642,108
3781,108
29793,108
6981,108
33910,108
5410,108
959,108
1212,108
7698,108
19230,108
13805,108
6191,108
12890,108
2357,108
10935,108
4186,108
23201,108
15557,108
26942,108
1918,108
18756,108
17023,108
8518,108
3213,108
9874,108
16287,109
6311,109
27946,109
8225,109
10920,109
8759,109
12444,109
2570,109
1736,109
25329,109
25680,109
24135,109
14099,109
3539,109
20887,109
14954,109
5448,109
23655,109
17970,109
23353,109
2526,109
3636,109
30355,109
7323,109
23519,109
19555,109
20461,109
8190,109
16958,109
11306,109
26825,109
12526,109
22398,109
23346,109
1386,109
4079,109
24384,109
22130,109
756,109
23743,109
210,109
6805,109
1487,109
24262,109
25117,109
23665,109
7249,109
9438,109
25320,109
7613,109
6810,109
5776,109
19591,109
20113,110
30532,110
3557,110
9844,110
1512,110
19865,110
19855,110
23747,110
21070,110
29472,110
20922,110
30186,110
25095,110
2803,110
29000,110
2817,110
13723,110
6471,110
8765,110
15055,110
15151,110
12390,110
14200,110
15616,110
21099,110
2084,110
17829,110
10075,110
14263,110
20574,110
2678,110
5312,110
2201,110
10576,110
23339,110
3134,110
31557,110
10378,110
11233,110
4452,110
9555,110
13818,110
17980,110
873,110
6004,110
25225,111
13908,111
352,111
8377,111
8372,111
13540,111
2280,111
19871,111
19902,111
16409,111
2461,111
4083,111
15053,111
18627,111
4912,111
22575,111
24987,111
18009,111
14246,111
11258,111
24977,111
10807,111
2115,111
10216,111
15032,111
15833,111
20915,111
2696,111
16290,111
1900,111
30243,111
23703,111
11061,111
1850,111
1135,111
19703,111
16568,111
4128,111
14703,111
8927,111
6774,111
16029,111
29495,111
1550,111
9010,111
30566,111
8949,111
5058,112
3278,112
32700,112
7083,112
2577,112
23421,112
3318,112
8713,112
25141,112
13912,112
27515,112
12645,112
24253,112
1006,112
23299,112
29253,112
445,112
8908,112
6234,112
24536,112
1742,112
11056,112
20863,112
19524,112
14875,112
4921,112
31288,112
2166,112
29871,112
24072,112
23367,112
18540,112
314,112
23254,112
1643,112
10620,112
16414,112
22195,112
5181,112
16483,112
20406,112
16116,112
11852,112
19615,112
13329,112
2527,112
8381,112
225,112
12414,112
3800,112
1621,112
3014,112
30648,113
6608,113
6843,113
9986,113
10480,113
15988,113
12663,113
4808,113
17707,113
24690,113
20210,113
3678,113
22372,113
8577,113
30212,113
24943,113
12713,113
30199,113
8771,113
4031,113
21560,113
25055,113
3602,113
2263,113
536,113
24298,113
2197,113
11522,113
3590,113
24263,113
370,113
3927,113
5944,113
31745,113
17623,113
7669,113
6247,113
1895,113
24001,113
11112,113
7706,113
9493,113
16754,113
3320,113
27500,113
83,114
23647,114
25030,114
24488,114
3068,114
25218,114
23834,114
220,114
3649,114
15648,114
3158,114
16243,114
15156,114
2543,114
0,114
17945,114
19271,114
6270,114
6923,114
9954,114
11305,114
12461,114
5367,114
32384,114
5528,114
7226,114
5302,114
8011,114
7728,114
23211,114
13732,114
4196,114
23392,114
17661,114
5114,114
8296,114
9171,114
23498,114
6848,114
17689,114
6746,114
22189,114
11369,114
23451,114
2558,115
22736,115
1790,115
10512,115
18672,115
23667,115
31225,115
24002,115
25126,115
5324,115
12883,115
18580,115
636,115
5748,115
16929,115
12200,115
23171,115
4119,115
14283,115
18529,115
24898,115
29047,115
26926,115
4673,115
6580,115
13278,115
25270,115
24329,115
34986,115
32400,115
17566,116
8745,116
17602,116
9727,116
21243,116
29740,116
22115,116
592,116
20860,116
21039,116
4252,116
7928,116
4224,116
23310,116
24768,116
11248,116
1941,116
23061,116
26834,116
15208,116
5527,116
16666,116
24560,116
12245,116
12701,116
11695,116
17554,116
1007,116
17488,116
1734,116
985,116
23,116
1480,116
19111,116
2649,116
96,116
2120,116
9605,116
3701,116
11401,116
20129,117
34153,117
10068,117
25262,117
1078,117
16904,117
6820,117
6732,117
11823,117
28142,117
21095,117
1321,117
23419,117
147,117
7747,117
26457,117
4840,117
20296,117
10372,117
15196,117
5187,117
15327,117
23289,117
23511,117
12776,117
10865,117
11,117
1936,117
17486,117
20487,117
3051,117
24442,117
22539,117
4275,117
25945,117
1523,117
8570,117
5415,117
16362,118
243,118
21723,118
7982,118
23113,118
22887,118
6220,118
8819,118
8855,118
1819,118
144,118
22379,118
5417,118
10496,118
12915,118
25070,118
8026,118
4256,118
7406,118
24864,118
11994,118
11323,118
32859,118
4594,118
7870,118
12366,118
6272,118
22473,118
12104,118
17212,118
30603,118
5281,118
252,118
23048,118
20838,118
5146,119
18101,119
5399,119
1674,119
10748,119
16603,119
24946,119
21752,119
18475,119
4113,119
23729,119
4863,119
4597,119
24878,119
10178,119
19253,119
4006,119
33593,119
23286,119
32258,119
7399,119
882,119
7075,119
2296,119
5637,119
8639,119
5747,119
15656,119
33271,119
24100,120
8617,120
1349,120
19440,120
21696,120
15810,120
19047,120
2385,120
4985,120
31043,120
29501,120
22236,120
18840,120
30293,120
1204,120
1721,120
20349,120
22893,120
8944,120
1235,120
25124,120
424,120
11335,120
3013,120
5454,120
2786,120
330,120
26929,120
2089,120
24073,120
15018,120
17028,120
15064,120
6416,120
9466,120
9737,120
15749,120
7246,120
34968,120
12575,120
4601,120
30935,120
5562,120
11368,120
4367,120
23596,120
4609,120
1981,120
15488,121
16919,121
17007,121
893,121
24311,121
3562,121
23094,121
890,121
7805,121
3041,121
22552,121
1427,121
12541,121
8575,121
16710,121
7387,121
2333,121
17337,121
32366,121
2833,121
11572,121
78,121
24663,121
4372,121
13683,121
20495,121
22595,121
13779,121
16204,121
4865,121
27035,121
23995,121
19541,121
2849,121
23465,121
154,121
34268,121
7627,121
3495,121
4866,121
3371,121
4346,121
30184,121
6729,121
2571,121
3407,121
1250,122
4694,122
15664,122
4301,122
6195,122
4309,122
23204,122
7361,122
16762,122
915,122
4773,122
12548,122
18955,122
23797,122
30430,122
1651,122
1066,122
5519,122
12496,122
25130,122
10593,122
34867,122
431,122
3374,122
8961,122
9615,122
3859,122
667,122
23733,122
47,122
2936,122
10719,122
6885,122
14636,122
7339,123
14770,123
29907,123
1737,123
2508,123
23838,123
7722,123
4729,123
1171,123
14412,123
1014,123
19631,123
7344,123
12322,123
181,123
30398,123
6936,123
8180,123
274,123
9062,123
17768,123
18173,123
5047,123
20392,123
3581,123
494,123
6710,123
30667,123
24940,123
21100,123
28889,124
13466,124
5130,124
3906,124
24657,124
3406,124
24532,124
2222,124
4844,124
30439,124
7693,124
13184,124
2015,124
9448,124
8836,124
6649,124
12560,124
17948,124
8868,124
16056,124
279,124
25231,124
5037,124
23352,124
6314,124
33734,124
20018,124
400,124
397,124
30829,124
9580,124
14859,124
9073,124
1220,124
18118,124
16618,124
23705,124
15308,124
23216,124
10017,124
23840,124
5568,124
10004,124
7347,124
19894,124
2481,124
1470,124
8446,124
12698,125
1224,125
9784,125
8246,125
5381,125
23485,125
24106,125
1527,125
13226,125
9782,125
13788,125
14295,125
29153,125
5738,125
4319,125
6740,125
1616,125
27638,125
1268,125
23364,125
22062,125
23707,125
23381,125
22302,125
2540,125
27151,126
13923,126
8709,126
30458,126
8770,126
24163,126
9592,126
23436,126
12085,126
22201,126
7484,126
6339,126
19960,126
69,126
8533,126
5801,126
3892,126
795,126
2869,126
24256,126
21067,126
24952,126
24648,126
1314,126
11940,126
2754,126
15863,126
23664,126
25737,126
23452,126
23483,126
6559,127
409,127
12389,127
19634,127
4701,127
1875,127
3852,127
18249,127
3736,127
25035,127
26801,127
13050,127
23104,127
24741,127
18823,127
18857,127
26710,127
3671,127
60,127
4850,127
8910,127
2367,127
9360,127
9304,127
20972,127
7495,127
28031,127
2685,127
3499,127
34249,127
14154,127
24683,128
13089,128
5552,128
31725,128
5767,128
738,128
13721,128
978,128
13062,128
3015,128
29672,128
11536,128
7682,128
2232,128
10541,128
653,128
5156,128
3518,128
20497,128
19867,128
5407,128
14223,128
1665,128
33683,128
15044,128
16590,128
23450,128
2507,128
19773,128
16046,128
13562,128
3720,128
19772,128
8046,129
8545,129
32820,129
23302,129
12656,129
14523,129
23161,129
11643,129
14501,129
30833,129
12435,129
24194,129
21688,129
14993,129
23530,129
17274,129
17839,129
25833,129
25107,129
3863,129
7448,129
5433,129
15335,129
23680,129
7535,129
4064,129
1484,129
5639,129
22742,129
1638,129
929,129
7431,129
5442,129
19062,129
1032,129
1289,130
1101,130
10422,130
21537,130
25351,130
1678,130
4771,130
20776,130
2589,130
32884,130
4358,130
23577,130
5788,130
19693,130
11120,130
12936,130
18570,130
9247,130
8228,130
2151,130
8523,130
24096,130
30794,130
29971,130
8438,130
24498,130
20604,130
29327,130
988,130
23283,131
24681,131
22812,131
7869,131
9508,131
20033,131
11848,131
22744,131
13489,131
416,131
10737,131
21697,131
40,131
7203,131
6365,131
442,131
23143,131
6512,131
10192,131
21745,131
23973,131
24217,131
23963,131
19780,131
23409,131
6700,131
390,131
18090,131
7710,132
80,132
5541,132
3437,132
29405,132
21337,132
4036,132
16832,132
10382,132
5743,132
6645,132
22731,132
16566,132
21062,132
20318,132
13095,132
23651,132
4636,132
4914,132
30048,132
5619,132
7438,132
19624,132
5765,132
11699,132
6620,132
29082,132
2024,132
6408,132
31509,132
1089,132
12664,132
7972,132
28781,132
2644,132
21147,133
17734,133
24289,133
18824,133
5674,133
23410,133
4082,133
16899,133
2800,133
1355,133
5033,133
22846,133
8943,133
12372,133
14651,133
29777,133
22043,133
14490,133
3543,133
722,133
19177,133
19306,133
2652,133
4324,133
6261,133
163,133
4038,133
13709,133
1591,134
11858,134
9537,134
22600,134
25269,134
1047,134
32505,134
19833,134
23556,134
10150,134
9548,134
13634,134
17629,134
7695,134
2688,134
652,134
23151,134
346,134
19243,134
6635,134
13125,134
33720,134
4476,134
775,134
9463,134
16408,134
23429,134
13113,135
4117,135
457,135
13120,135
22334,135
5405,135
3864,135
24659,135
3991,135
22235,135
15092,135
1904,135
7204,135
9606,135
32491,135
7692,135
10778,135
4774,135
951,135
425,136
11997,136
22036,136
29386,136
5982,136
6179,136
240,136
3157,136
4320,136
12861,136
20971,136
18109,136
2777,136
14305,136
32474,136
904,136
13000,136
5605,136
9577,136
508,136
2470,136
2491,136
18743,136
15819,136
27390,136
15155,137
22597,137
30166,137
24564,137
12458,137
15024,137
6479,137
9924,137
9618,137
24800,137
17444,137
23933,137
15621,137
23169,137
4635,137
5450,137
5479,137
14941,137
16513,137
12947,137
27039,137
23043,137
1566,137
6938,137
5150,137
24897,137
13245,137
6159,137
1464,138
23884,138
5789,138
22831,138
25077,138
1033,138
8064,138
458,138
6393,138
25143,138
5151,138
8652,138
18263,138
8653,138
7252,138
27818,138
660,138
11480,138
13715,138
9969,138
6239,138
8197,138
11117,138
874,138
8297,138
3836,138
23262,139
13793,139
24276,139
22053,139
9653,139
5327,139
1190,139
19258,139
682,139
15479,139
3905,139
12752,139
7748,139
27506,139
24469,139
22074,139
14068,139
4731,139
32079,139
24281,139
29868,140
20961,140
17668,140
19678,140
4321,140
26806,140
7665,140
6152,140
493,140
217,140
26904,140
5148,140
20063,140
8170,140
6910,140
10492,140
27524,140
19753,140
17637,140
8070,140
20807,140
21474,141
11406,141
27513,141
1708,141
6347,141
19501,141
5887,141
31243,141
24772,141
11597,141
24730,141
7343,141
7403,141
264,141
16697,141
4137,141
21640,141
3409,141
12504,141
24324,141
3807,141
8442,141
1437,141
4295,141
32519,141
4299,141
835,141
32808,141
12331,141
30275,141
3685,141
21169,141
838,141
9259,141
1499,141
2751,141
23730,141
21946,141
16191,141
19554,141
7510,141
1682,142
2308,142
278,142
11680,142
11184,142
17642,142
25368,142
14661,142
15130,142
23592,142
27166,142
23580,142
10605,142
8715,142
23120,142
1644,142
11874,142
7401,142
16585,142
2095,142
8834,143
12614,143
9018,143
3452,143
19484,143
26355,143
30800,143
21279,143
29502,143
9783,143
1100,143
33229,143
17645,143
7244,143
22934,143
15180,143
32713,143
20820,143
1635,143
1343,143
23568,143
5210,143
18885,143
3536,143
15250,143
5031,143
8527,143
14469,144
3242,144
8755,144
17950,144
2395,144
5604,144
14248,144
7351,144
12455,144
17399,144
695,144
10455,144
4753,144
13947,144
21818,144
1683,144
24431,144
11619,144
2828,144
7267,145
3230,145
24687,145
27617,145
9404,145
2463,145
568,145
25967,145
27564,145
23853,145
20696,145
24592,145
4156,145
26841,145
6753,145
24781,145
22980,145
2908,145
24953,145
13804,145
20328,145
2885,145
3112,146
32180,146
23845,146
29201,146
1747,146
19679,146
7498,146
23851,146
19353,146
24691,146
4005,146
453,146
13333,146
23034,146
10071,146
17381,146
6510,146
12949,146
23756,146
22160,146
22723,147
4457,147
13359,147
1159,147
2054,147
560,147
9052,147
33728,147
5036,147
7426,147
1004,147
29278,147
19538,147
3938,147
24960,148
20082,148
24244,148
5896,148
5730,148
13387,148
8784,148
11404,148
16752,148
5878,148
12738,148
7381,148
33632,148
7416,148
2736,148
14574,148
28026,148
23794,148
2765,149
23704,149
10120,149
903,149
6581,149
276,149
8727,149
232,149
19623,149
1136,149
3358,149
12993,149
22847,149
2128,149
11518,149
18655,149
22178,149
2633,149
22768,149
7354,150
8128,150
456,150
23870,150
4237,150
7254,150
2314,150
14520,150
6107,150
6051,150
1728,150
10239,150
8714,150
199,150
3612,150
18899,150
17348,150
22383,150
17073,150
1530,150
3436,150
27036,150
24581,150
15343,150
3190,150
25222,150
7854,150
14491,150
24404,150
23866,151
28112,151
624,151
4151,151
406,151
23561,151
13221,151
34110,151
11107,151
19959,151
4570,151
22054,151
5026,151
3281,151
23272,151
11515,151
21330,151
7250,151
15915,151
26894,151
33845,151
5240,152
18855,152
4952,152
122,152
30384,152
8979,152
6129,152
13781,152
23959,152
3225,152
21410,152
12944,152
23823,152
12741,152
16109,152
23711,152
1473,152
23540,153
8763,153
21777,153
9263,153
5018,153
3899,153
17360,153
21551,153
10550,153
7826,153
27389,153
28888,153
20091,153
1868,153
25050,153
4698,153
2160,153
4661,153
1012,153
20391,154
20307,154
1361,154
23681,154
1019,154
2502,154
13461,154
14453,154
23194,154
4184,154
2281,154
24630,154
12954,154
2780,154
6030,154
1522,154
1749,154
17412,154
8519,154
22059,154
12555,154
21373,154
16772,154
24906,155
891,155
4426,155
3834,155
23467,155
14603,155
16312,155
2488,155
11604,155
7357,155
9983,155
3473,155
16406,155
27502,155
28994,155
2594,155
7359,155
25034,155
11873,155
29652,155
4751,155
30391,155
8992,155
4629,155
6717,156
20167,156
23883,156
21953,156
12506,156
1045,156
11684,156
28383,156
2521,156
17916,156
23383,156
5339,156
5680,156
10147,156
3045,156
13535,156
24451,156
29360,157
9142,157
30027,157
6253,157
1088,157
24015,157
18331,157
2042,157
7845,157
8902,157
8288,157
7378,157
23205,157
18754,157
1971,157
4233,157
19645,157
14134,157
5467,157
12225,157
12318,157
12962,157
19556,157
4375,158
13939,158
2538,158
233,158
839,158
8729,158
6771,158
6911,158
24699,158
27705,158
10575,158
21376,158
18055,158
6124,158
1595,158
7114,158
9845,158
5825,158
25274,159
27718,159
2034,159
380,159
27577,159
6586,159
6281,159
21448,159
3588,159
6065,159
2799,159
6350,159
10454,159
1867,159
6296,159
7274,159
4194,159
24060,160
5507,160
9418,160
15116,160
9309,160
5028,160
33319,160
2773,160
4327,160
6121,160
2546,160
6113,160
2312,160
3174,160
2663,160
940,160
18525,160
31520,160
2122,160
17198,160
2796,161
6011,161
5494,161
2322,161
20619,161
5970,161
12597,161
9510,161
14093,161
7437,161
926,161
16426,161
1679,161
1062,161
2982,161
24720,161
23542,161
323,162
10056,162
9914,162
24573,162
5007,162
1479,162
29157,162
4998,162
9899,162
55,162
1186,162
11888,162
2165,162
20047,162
6406,162
24255,162
29685,162
203,163
9143,163
16257,163
3233,163
111,163
1957,163
6607,163
4558,163
2083,163
25828,163
1236,163
33115,163
24241,163
236,163
4145,163
7738,164
10968,164
4453,164
19690,164
1516,164
4155,164
3660,164
229,164
6545,164
27492,164
3512,164
19016,164
21823,164
2142,164
12099,164
3322,164
125,165
4369,165
350,165
8077,165
5046,165
13059,165
22192,165
12950,165
4859,165
24342,165
20443,165
7319,165
313,165
19098,165
92,165
23688,165
533,165
22498,166
23258,166
10315,166
8844,166
12608,166
9859,166
23255,166
4718,166
8632,166
1310,166
488,166
12943,166
7449,166
5883,166
4623,166
21711,166
11770,166
2894,166
14562,167
21969,167
27316,167
27068,167
23693,167
4783,167
9999,167
6108,167
19420,167
23177,167
5803,167
7206,167
3331,167
5717,167
367,167
23238,167
1368,167
23189,168
12375,168
3725,168
19450,168
7414,168
6355,168
24472,168
20812,168
6375,168
14241,168
24028,168
6171,168
22238,168
23829,168
24061,168
918,168
5338,168
2419,169
5701,169
7215,169
937,169
25002,169
21637,169
9480,169
23146,169
26790,169
13581,169
4013,169
14721,169
126,169
1907,170
501,170
23239,170
4980,170
29239,170
16118,170
4019,170
6276,170
8607,170
764,170
23065,170
22890,171
17606,171
7074,171
15606,171
3723,171
196,171
4138,171
17795,171
4849,171
3759,171
102,171
15654,171
21562,171
5757,171
24887,171
1675,172
30314,172
31258,172
766,172
12755,172
17373,172
17279,172
4129,172
3545,172
3363,172
242,172
687,172
22735,172
22131,172
19642,172
4023,172
9743,172
13658,172
22032,173
14385,173
7329,173
1959,173
7774,173
5,173
20348,173
14160,173
19551,173
5396,173
26494,173
6550,173
22740,173
22537,173
4665,173
22030,173
32626,173
20882,173
1658,173
4139,174
23983,174
17388,174
4163,174
2404,174
1416,174
5773,174
3582,174
22142,174
10371,174
23461,174
7352,174
2937,174
617,174
5387,174
25963,175
25974,175
5793,175
3712,175
25085,175
24880,175
4032,175
1162,175
18678,175
23722,175
3085,175
3090,175
2719,175
632,175
6292,175
14363,175
6098,175
28877,175
4357,175
7683,176
24731,176
115,176
7369,176
2924,176
7348,176
2660,176
4242,176
11648,176
2459,176
24948,176
10810,176
14697,177
7024,177
2309,177
402,177
8119,177
637,177
13730,177
4617,177
26944,177
1586,177
21929,177
22008,177
3805,177
6172,178
7843,178
2929,178
1178,178
5866,178
6386,178
5750,178
1194,178
13928,178
3234,178
18761,178
2046,178
8738,178
1202,178
5601,179
11662,179
7366,179
17195,179
15638,179
8386,179
4852,179
3393,179
23178,179
7340,179
245,179
27785,179
19628,179
6066,180
4180,180
259,180
26166,180
15376,180
691,180
24369,180
11589,180
3011,180
32169,180
2397,180
23915,180
17138,180
11575,180
4591,180
25160,181
71,181
8584,181
14240,181
20745,181
2691,181
183,181
3568,181
303,181
11243,181
19665,181
3780,181
23294,181
4574,181
2622,181
10988,181
9491,182
22727,182
2784,182
5295,182
1201,182
1520,182
11626,182
8359,182
11981,182
676,182
17122,182
1815,182
12346,182
26842,182
5644,183
2282,183
714,183
5252,183
4298,183
9591,183
8931,183
17908,183
8498,183
33423,183
17954,183
14619,183
9669,184
7360,184
3369,184
15751,184
4239,184
6068,184
23822,184
12237,184
5830,184
5090,184
18220,184
3614,184
3088,185
1319,185
4755,185
8477,185
415,185
12786,185
2715,185
24844,185
33633,185
17813,185
12020,185
827,186
13443,186
6219,186
7609,186
2797,186
7334,186
6657,186
481,186
12499,186
106,187
4472,187
33574,187
4764,187
135,187
20365,187
3798,187
8048,187
5852,187
4799,187
16759,187
28881,187
1798,187
1797,187
6871,187
378,188
16896,188
22752,188
4837,188
4522,188
3789,188
19885,188
3338,188
19054,188
23027,188
7068,188
24715,188
2208,189
20994,189
19972,189
2804,189
16537,189
7558,189
5796,189
23105,189
3809,189
1108,189
8165,190
16151,190
2140,190
2606,190
24367,190
13739,190
23598,190
6715,190
15047,190
10554,190
6859,190
23828,191
24563,191
3432,191
4406,191
24542,191
1070,191
4632,191
17208,192
4322,192
3128,192
1404,192
17005,192
24010,192
13334,192
25842,192
7483,192
36,192
24204,192
4600,193
23770,193
28073,193
19401,193
999,193
21063,193
23134,193
5804,193
20662,193
6226,193
7528,193
7008,193
8640,193
5780,194
7690,194
15872,194
2231,194
24988,194
19059,194
14326,194
4851,194
14753,194
6283,194
2989,194
24122,194
1121,194
5012,194
1445,194
21428,194
13052,194
33716,195
834,195
8059,195
8526,195
2712,195
919,195
12488,195
6905,195
5336,195
31549,196
6687,196
32383,196
4608,196
266,196
17053,196
5051,196
33735,196
20066,196
6279,196
11011,196
76,196
23154,196
4781,196
31517,197
12323,197
33419,197
6536,197
19423,197
10250,197
13447,197
16390,197
2699,197
19312,198
1148,198
5813,198
18198,198
6516,198
17354,198
27383,198
6784,198
2692,198
3022,199
1375,199
22733,199
9300,199
24242,199
23184,199
26087,199
16661,199
27076,199
4861,200
22482,200
16968,200
2626,200
11774,200
23200,200
791,200
22963,200
7754,200
11352,200
9285,200
7284,200
30397,200
5946,200
8914,200
3114,200
364,200
95,200
23044,200
4034,200
5313,201
15908,201
1026,201
16129,201
13724,201
24628,201
8544,201
12522,201
121,201
12391,202
2455,202
9156,202
1134,202
24582,203
2892,203
29989,203
9108,203
15099,203
16416,203
5404,203
13294,204
23612,204
23700,204
1637,204
11315,204
1594,204
5590,204
1060,204
16271,204
2448,204
4044,205
9442,205
4943,205
2139,205
18256,205
1273,206
746,206
124,206
13007,206
7798,206
5595,206
11787,206
1711,206
25173,207
2643,207
23811,207
4348,207
176,207
13490,207
268,207
2347,208
2531,208
2866,208
4040,208
7424,208
2027,208
4326,208
17915,208
3069,208
24197,208
556,208
1452,209
23117,209
2745,209
19763,209
2548,209
25193,209
9451,209
21811,209
34,209
3101,209
2917,209
23999,209
894,209
19748,209
12590,209
250,210
996,210
9528,210
23887,210
9473,210
2269,210
84,210
7680,210
2512,210
2423,210
27015,211
8682,211
6364,211
15570,211
2253,211
20786,211
7364,212
584,212
14508,212
21526,212
16103,212
3744,212
22478,212
26799,213
24185,213
27568,213
20504,213
2646,213
464,213
24018,214
4343,214
7293,214
4446,214
6954,214
20976,214
1067,215
6475,215
19685,215
6654,215
10832,215
972,215
9061,215
9443,215
25161,215
16429,215
4968,215
18504,215
4450,216
3551,216
23694,216
8568,217
14202,217
6379,217
30887,217
5402,217
5798,217
24539,217
629,217
10439,217
20992,218
11608,218
26974,218
1879,218
3534,218
7328,219
18100,219
5306,219
23449,219
10855,220
17404,220
1010,220
9453,220
4604,220
8930,220
21035,221
8901,221
20285,221
571,221
10165,221
24651,221
10430,222
24279,222
20941,222
23984,222
1518,222
23240,222
3771,222
22290,222
725,223
22737,223
5277,223
587,223
10079,223
5802,223
5823,224
6397,224
9543,224
24755,224
12174,224
3086,224
16622,225
22728,225
27704,225
4626,225
4491,225
26794,225
12827,225
91,225
4560,226
21641,226
625,226
12508,226
24066,226
11820,226
110,226
218,226
22702,227
24112,227
23282,227
72,227
661,228
1720,228
15503,228
8501,228
1035,228
143,229
5260,229
22687,229
21104,229
13967,229
438,229
14210,229
11544,230
1046,230
32989,230
7487,230
4523,230
18026,230
29766,230
3328,230
5403,230
2542,230
23965,230
29333,230
22027,231
24577,231
4947,231
16207,231
3627,231
616,231
1864,231
11636,231
1993,231
24465,231
10882,232
23555,232
1725,232
6433,232
20440,232
3559,232
14722,232
2971,232
22011,233
4678,233
3119,233
6699,233
1362,233
5763,234
8218,234
2991,234
22946,234
5254,234
2959,234
17958,234
6090,234
9593,235
19973,235
1420,235
6537,235
10662,235
19457,235
6975,235
5658,235
2368,235
14249,236
4804,236
18408,236
2146,236
12404,236
5027,237
1320,237
19609,237
24011,237
4715,237
4081,237
23152,237
9876,237
4979,238
1185,238
17411,238
31,238
2352,239
33719,239
14101,239
15980,239
3044,239
5385,239
22148,239
17120,239
2873,239
4746,239
2131,240
11980,240
24774,240
21135,240
1917,240
1842,240
1943,241
1086,241
6571,241
4607,242
7192,242
4605,242
22007,242
11775,242
23726,243
3252,243
23516,243
8138,244
3848,244
17008,244
2916,244
4689,244
21122,244
5370,245
3615,245
23257,245
182,245
6085,245
813,245
13943,245
8654,246
856,246
23783,246
7630,246
4067,247
668,247
15637,247
11872,247
469,247
2509,248
5636,248
32389,248
128,248
27377,248
8805,249
1281,249
16609,249
7335,249
4095,249
12442,249
1676,249
5317,250
17589,250
4830,250
11856,250
16011,250
3533,251
2611,251
3774,251
22534,251
17451,252
1667,252
18236,252
15812,252
17418,252
1180,253
9680,253
26907,253
16221,253
2934,253
7383,254
5790,254
3040,254
518,254
7479,254
17406,254
132,254
2597,254
9643,255
4819,255
7238,255
238,255
22461,255
22098,255
2318,256
16960,256
16391,256
9439,256
20147,256
8532,257
2829,257
763,257
648,257
4838,257
2868,257
3350,258
562,258
641,258
727,259
25463,259
23628,259
29480,260
28901,260
26819,260
6200,260
6712,261
2109,261
8726,261
16966,262
8757,262
1791,262
21852,262
13512,262
23242,263
24270,263
20705,263
9464,263
190,263
3742,263
24921,263
410,263
875,264
307,264
2661,264
606,264
131,264
11416,264
18898,265
3680,265
16612,265
15011,266
6256,267
25574,267
4316,267
14216,267
28885,268
24246,268
20896,268
16974,268
23885,269
22929,269
5054,269
1103,269
4802,269
16605,270
24448,270
5677,270
20623,271
18677,271
5810,271
1018,271
21301,271
20146,271
22864,272
4091,272
4296,272
4963,272
213,273
16437,273
23919,274
4893,274
6370,274
23637,275
1306,275
14151,276
7436,277
16926,277
11124,277
5166,277
1696,277
17817,278
12228,278
15043,279
4663,279
8221,280
3330,280
1668,280
3784,280
1707,281
23103,281
837,281
5968,282
5431,282
21919,282
1182,282
2363,282
3525,283
24460,283
694,283
9902,283
2278,283
4782,283
486,284
2067,284
843,284
12930,284
11456,285
24372,285
5510,285
6161,285
1659,286
18838,286
631,286
24084,286
1365,286
880,287
1756,287
6060,287
23719,287
638,287
3414,288
4788,288
5024,289
7196,289
14612,289
2254,290
4134,290
5499,290
479,290
11861,290
1670,290
2886,290
25037,290
1881,291
235,292
2483,292
18474,293
5298,293
4712,294
16698,294
23850,295
2789,295
14270,296
728,296
4529,297
5217,297
12622,297
6721,297
13,298
10984,298
524,299
5800,301
2206,301
1612,302
1657,302
2185,303
8522,303
2009,303
17369,304
27881,304
1092,304
8045,305
22749,305
1754,305
10637,306
113,306
2372,306
1831,306
5342,306
3384,307
14229,307
3575,307
6265,308
2781,308
27609,308
1861,308
3940,309
20283,309
3346,309
675,310
13992,310
14286,311
586,311
6148,311
19548,311
9720,311
24719,312
5383,313
20089,313
6752,314
1796,314
14568,314
4767,315
2466,315
23871,316
2628,316
4826,316
12197,316
19448,317
9212,317
2510,317
7214,318
4572,318
326,319
23618,319
18839,319
3705,319
23312,320
21102,320
4045,320
657,320
14840,320
4707,321
29669,322
1646,322
22158,323
22386,324
2091,324
202,325
1037,325
5382,325
5111,326
2427,326
8243,327
3268,327
2383,328
114,328
1681,328
173,329
21271,329
4318,329
5785,329
10374,330
16654,331
4759,332
5539,332
14222,333
15642,335
4717,335
16901,336
7429,336
5378,337
23484,337
8866,337
2595,338
10578,339
12558,339
590,340
7995,340
509,340
10555,341
9458,341
3329,341
20363,342
7208,343
23296,343
16681,343
11871,343
7247,344
7439,344
2407,344
820,344
385,345
1663,345
1872,346
18116,349
2835,349
1297,349
17491,351
16657,351
828,352
17377,353
6757,353
1140,353
10833,353
6686,354
3754,354
1169,354
5214,356
669,357
7794,357
952,358
8918,358
4603,359
5052,360
7198,361
340,361
9598,361
5395,362
5337,363
7418,364
5128,365
1655,365
4817,366
2624,367
23250,367
6457,368
1669,368
931,368
4966,370
2893,372
9602,372
1196,374
4986,374
3027,374
16479,375
13768,375
2490,375
7386,376
2364,376
9811,378
1880,378
393,379
5340,379
6053,380
831,380
19852,380
517,381
5430,381
17538,381
6106,381
8554,381
4035,383
7210,383
4187,384
4312,384
2771,385
11185,386
45,386
2966,386
9474,388
7201,390
22944,391
335,391
1120,392
1097,393
5115,393
57,393
19963,396
3166,396
4984,397
6705,398
2901,399
4667,400
1826,401
4957,401
19179,402
642,402
15862,407
543,407
23819,410
12934,410
14788,412
1347,414
2291,415
1634,418
2946,419
19438,420
2641,421
762,421
1188,422
2337,423
7451,425
17323,426
3305,430
1652,432
3842,432
4355,433
2066,433
2819,434
2729,440
1043,441
3565,442
737,442
11870,443
1940,445
97,446
507,446
883,447
22850,449
2183,449
1399,450
315,453
12519,454
5269,455
755,455
12693,455
6405,458
807,459
116,460
13209,460
21091,462
16009,462
17330,462
23758,465
6711,468
1871,469
2346,470
5400,473
4179,475
19001,477
19864,479
23738,479
2396,480
4818,485
14168,487
532,490
4970,491
301,495
4748,496
5374,499
230,499
1157,506
17203,506
5237,507
1579,510
8525,512
14823,515
7374,516
5979,517
2602,521
1173,524
5881,525
4100,525
2228,527
19485,527
14775,530
14329,531
11580,533
4946,536
188,537
98,537
5321,537
17684,538
5393,538
1641,540
6601,545
5194,545
21985,547
2496,553
16619,553
4,556
8926,556
608,558
742,558
12483,561
284,562
4076,562
2741,566
12929,570
5025,572
817,573
1211,574
248,580
1890,586
3738,588
403,592
5354,601
854,620
17860,623
7207,624
261,636
1198,637
1093,667
407,672
1996,687
2303,724
6677,767
4816,789
6305,795
1601,806
1625,828
2705,850
1532,902
529,905
449,909
6723,944
14,1021
8556,1053
17352,1113
956,1383
3400,2224
237,3040
1680,5895
